1,eka,prathama
2,dvi,dvitīya
3,tri,tṛtīya
4,catur,turya;turīya;caturtha
5,pañca,pañcama
6,ṣaṭ,ṣaṣṭha
7,sapta,saptama
8,aṣṭa,aṣṭama
9,nava,navama
10,daśa,daśama
11,ekādaśa,ekādaśa
12,dvādaśa,dvādaśa
13,trayodaśa,trayodaśa
14,caturdaśa,caturdaśa
15,pañcadaśa,pañcadaśa
16,ṣoḍaśa,ṣoḍaśa
17,saptadaśa,saptadaśa
18,aṣṭādaśa,aṣṭādaśa
19,navadaśa;ūnaviṃśati;ekonaviṃśati;ekānnaviṃśati,navadaśa;ūnaviṃśa;ekonaviṃśa;ekānnaviṃśa
20,viṃśati,viṃśa;viṃśatitama
21,ekaviṃśati,ekaviṃśa;ekaviṃśatitama
22,dvāviṃśati,dvāviṃśa;dvāviṃśatitama
23,trayoviṃśati,trayoviṃśa;trayoviṃśatitama
24,caturviṃśati,caturviṃśa;caturviṃśatitama
25,pañcaviṃśati,pañcaviṃśa;pañcaviṃśatitama
26,ṣaḍviṃśati,ṣaḍviṃśa;ṣaḍviṃśatitama
27,saptaviṃśati,saptaviṃśa;saptaviṃśatitama
28,aṣṭāviṃśati,aṣṭāviṃśa;aṣṭāviṃśatitama
29,navaviṃśati;ūnatriṃśat;ekonatriṃśat;ekānnatriṃśat,navaviṃśa;ūnatriṃśa;ekonatriṃśa;ekānnatriṃśa;navaviṃśatitama;ūnatriṃśattama;ekonatriṃśattama;ekānnatriṃśattama
30,triṃśat,triṃśa;triṃśattama
31,ekatriṃśat,ekatriṃśa;ekatriṃśattama
32,dvātriṃśat,dvātriṃśa;dvātriṃśattama
33,trayastriṃśat,trayastriṃśa;trayastriṃśattama
34,catustriṃśat,catustriṃśa;catustriṃśattama
35,pañcatriṃśat,pañcatriṃśa;pañcatriṃśattama
36,ṣaṭtriṃśat,ṣaṭtriṃśa;ṣaṭtriṃśattama
37,saptatriṃśat,saptatriṃśa;saptatriṃśattama
38,aṣṭātriṃśat,aṣṭātriṃśa;aṣṭātriṃśattama
39,navatriṃśat;ūnacatvāriṃśat;ekonacatvāriṃśat;ekānnacatvāriṃśat,navatriṃśa;ūnacatvāriṃśa;ekonacatvāriṃśa;ekānnacatvāriṃśa;navatriṃśattama;ūnacatvāriṃśattama;ekonacatvāriṃśattama;ekānnacatvāriṃśattama
40,catvāriṃśat,catvāriṃśa;catvāriṃśattama
41,ekacatvāriṃśat,ekacatvāriṃśa;ekacatvāriṃśattama
42,dvācatvāriṃśat;dvicatvāriṃśat,dvācatvāriṃśa;dvācatvāriṃśattama;dvicatvāriṃśa;dvicatvāriṃśattama
43,trayaścatvāriṃśat;tricatvāriṃśat,trayaścatvāriṃśa;trayaścatvāriṃśattama;tricatvāriṃśa;tricatvāriṃśattama
44,catuścatvāriṃśat,catuścatvāriṃśa;catuścatvāriṃśattama
45,pañcacatvāriṃśat,pañcacatvāriṃśa;pañcacatvāriṃśattama
46,ṣaṭcatvāriṃśat,ṣaṭcatvāriṃśa;ṣaṭcatvāriṃśattama
47,saptacatvāriṃśat,saptacatvāriṃśa;saptacatvāriṃśattama
48,aṣṭācatvāriṃśat,aṣṭācatvāriṃśa;aṣṭācatvāriṃśattama
49,navacatvāriṃśat;ūnapañcāśat;ekonapañcāśat;ekānnapañcāśat,navacatvāriṃśa;ūnapañcāśa;ekonapañcāśa;ekānnapañcāśa;navacatvāriṃśattama;ūnapañcāśattama;ekonapañcāśattama;ekānnapañcāśattama
50,pañcāśat,pañcāśa;pañcāśattama
51,ekapañcāśat,ekapañcāśa;ekapañcāśattama
52,dvāpañcāśat;dvipañcāśat,dvāpañcāśa;dvāpañcāśattama;dvipañcāśa;dvipañcāśattama
53,trayaḥpañcāśat;tripañcāśat,trayaḥpañcāśa;trayaḥpañcāśattama;tripañcāśa;tripañcāśattama
54,catuḥpañcāśat,catuḥpañcāśa;catuḥpañcāśattama
55,pañcapañcāśat,pañcapañcāśa;pañcapañcāśattama
56,ṣaṭpañcāśat,ṣaṭpañcāśa;ṣaṭpañcāśattama
57,saptapañcāśat,saptapañcāśa;saptapañcāśattama
58,aṣṭāpañcāśat,aṣṭāpañcāśa;aṣṭāpañcāśattama
59,navapañcāśat;ūnaṣaṣṭi;ekonaṣaṣṭi;ekānnaṣaṣṭi,navapañcāśa;navapañcāśattama;ūnaṣaṣṭitama;ekonaṣaṣṭitama;ekānnaṣaṣṭitama
60,ṣaṣṭi,ṣaṣṭitama
61,ekaṣaṣti,ekaṣaṣṭa;ekaṣaṣṭitama
62,dvaṣaṣti;dviṣaṣti,dvāṣaṣṭa;dvāṣaṣṭitama;dviṣaṣṭa;dviṣaṣṭitama
63,trayahṣaṣti;triṣaṣti,trayaḥṣaṣṭa;trayaḥṣaṣṭitama;triṣaṣṭa;triṣaṣṭitama
64,catuhṣaṣti,catuḥṣaṣṭa;catuḥṣaṣṭitama
65,pañcaṣaṣti,pañcaṣaṣṭa;pañcaṣaṣṭitama
66,ṣaṭṣaṣṭi,ṣaṭṣaṣṭa;ṣaṭṣaṣṭitama
67,saptaṣaṣti,ṣaptaṣaṣṭa;ṣaptaṣaṣṭitama
68,aṣṭāṣaṣti,aṣṭāṣaṣṭa;aṣṭāṣaṣṭitama
69,navaṣaṣti;ūnasaptati;ekonasaptati;ekānnasaptati,navaṣaṣṭa;navaṣaṣṭitama;ūnasaptatitama;ekonasaptatitama;ekānnasaptatitama
70,saptati,saptatitama
71,ekasaptati,ekasaptata;ekasaptatitama
72,dvāsaptati;dvisaptati,dvāsaptata;dvāsaptatitama;dvisaptata;dvisaptatitama
73,trayaḥsaptati;trisaptati,trayaḥsaptata;trayaḥsaptatitama;trisaptata;trisaptatitama
74,catuḥsaptati,catuḥsaptata;catuḥsaptatitama
75,pañcasaptati,pañcasaptata;pañcasaptatitama
76,ṣaṭsaptati,ṣaṭsaptata;ṣaṭsaptatitama
77,saptasaptati,saptasaptata;saptasaptatitama
78,aṣṭāsaptati,aṣṭāsaptata;aṣṭāsaptatitama
79,navasaptati;ūnāśīti;ekonāśīti;ekānnāśīti,navasaptata;navasaptatitama
80,aśīti,aśītitama
81,ekāśīti,ekāśīta;ekāśītitama
82,dvyaśīti,dvyaśīta;dvyaśītitama
83,tryaśīti,tryaśīta;tryaśītitama
84,caturaśīti,caturaśīta;caturaśītitama
85,pañcāśīti,pañcāśīta;pañcāśītitama
86,ṣaḍaśīti,ṣaḍaśīta;ṣaḍaśītitama
87,saptāśīti,saptāśīta;saptāśītitama
88,aṣṭāśīti,aṣṭāśīta;aṣṭāśītitama
89,navāśīti;ūnanavati;ekonanavati;ekānnanavati,navāśīta;navāśītitama
90,navati,navatitama
91,ekanavati,ekanavata;ekanavatitama
92,dvānavati;dvinavati,dvānavata;dvānavatitama;dvinavata;dvinavatitama
93,trayonavati;trinavati,trayonavata;trayonavatitama;trinavata;trinavatitama
94,caturnavati,caturnavata;caturnavatitama
95,pañcanavati,pañcanavata;pañcanavatitama
96,ṣaṇṇavati,ṣaṇṇavata;ṣaṇṇavatitama
97,saptanavati,saptanavata;saptanavatitama
98,aṣṭānavati,aṣṭānavata;aṣṭānavatitama
99,navanavati;ūnaśata;ekonaśata;ekānnaśata,navanavata;navanavatitama
100,śata,śatatama
101,ekaśata;ekottaraśata;ekottara śata;ekādhikaśatam;ekādhika śatam,ekāśata;ekāśatatama;ekottaraśatatama;ekottara śatatama;ekādhikaśatatama;ekādhika śatatama
102,dviśata;dvyuttaraśata;dvyuttara śata;dvyadhikaśata;dvyadhika śata,dviśata;dviśatatama;dvyuttaraśatatama;dvyuttara śatatama;dvyadhikaśatatama;dvydhika śatatama
103,triśata;tryuttaraśata;tryuttara śata;tryadhikaśata;tryadhika śata,triśata;triśatatama;tryuttaraśatatama;tryuttara śatatama;tryadhikaśata;tryadhikaśatatama;tryadhika śata;tryadhika śatatama
112,dvādaśaśata;dvādaśottaraśata;dvādaśottara śata;dvādaśādhikaśata;dvādaśādhika śata,dvādaśaśata;dvādaśaśatatama;dvādaśottaraśatatama;dvādaśottara śatatama;dvādaśādhikaśatatama;dvādaśādhika śatatama
120,viṃśatiśata;viṃśatyuttaraśata;viṃśatyuttara śata;viṃśatyadhikaśata;viṃśatyadhika śata,viṃśatiśata;viṃśatiśatatama;viṃśatyuttaraśatatama;viṃśatyuttara śatatama;viṃśatyadhikaśatatama;viṃśatyadhika śatatama
130,triṃśacchata;triṃśaduttaraśata;triṃśaduttara śata;triṃśadadhikaśata;triṃśadadhika śata,triṃśacchata;triṃśacchatatama;triṃśaduttaraśatatama;triṃśaduttara śatatama;triṃśadadhikaśatatama;triṃśadadhika śatatama
200,dviśata;dvi śata,dviśata;dviśatatama;dvitīya śatatama
300,triśata;tri śata,triśata;triśatatama;tṛtīya śatatama
345,pañcacatvāriṃśaduttara triśata;pañcacatvāriṃśadadhika triśata,pañcacatvāriṃśaduttara triśatatama;pañcacatvāriṃśadadhika triśatatama
1000,sahasra,sahasratama
1002,dvisahasra;dvyuttarasahasra;dvyuttara sahasra;dvyadhikasahasra;dvyadhika sahasra,dvisahasra;dvisahasratama;dvyuttarasahasratama;dvyuttara sahasratama;dvyadhikasahasratama;dvyadhika sahasratama
2000,dvisahasra;dvi sahasra,dvisahasratama;dvitīya sahasratama
2984,caturaśītyuttara navaśatādhika dvisahasra;caturaśītyadhika navaśatādhika dvisahasra,caturaśītyuttara navaśatādhika dvisahasratama;caturaśītyadhika navaśatādhika dvisahasratama
10000,ayuta,ayutatama
100000,lakṣa,lakṣatama
1000000,prayuta,prayutatama
10000000,koṭi,koṭitama
100000000,arbuda,arbudatama
